{
  "hash": "d00d87cf",
  "configHash": "ea8cb2d5",
  "lockfileHash": "8a477a67",
  "browserHash": "d0ce3517",
  "optimized": {
    "@angular/common": {
      "src": "../../../../../../node_modules/@angular/common/fesm2022/common.mjs",
      "file": "@angular_common.js",
      "fileHash": "fcbc3f84",
      "needsInterop": false
    },
    "@angular/common/http": {
      "src": "../../../../../../node_modules/@angular/common/fesm2022/http.mjs",
      "file": "@angular_common_http.js",
      "fileHash": "dd114f08",
      "needsInterop": false
    },
    "@angular/core": {
      "src": "../../../../../../node_modules/@angular/core/fesm2022/core.mjs",
      "file": "@angular_core.js",
      "fileHash": "e63b8d72",
      "needsInterop": false
    },
    "@angular/forms": {
      "src": "../../../../../../node_modules/@angular/forms/fesm2022/forms.mjs",
      "file": "@angular_forms.js",
      "fileHash": "5ccefc1b",
      "needsInterop": false
    },
    "@angular/platform-browser": {
      "src": "../../../../../../node_modules/@angular/platform-browser/fesm2022/platform-browser.mjs",
      "file": "@angular_platform-browser.js",
      "fileHash": "1db2bdfe",
      "needsInterop": false
    },
    "@angular/router": {
      "src": "../../../../../../node_modules/@angular/router/fesm2022/router.mjs",
      "file": "@angular_router.js",
      "fileHash": "f9fb6f23",
      "needsInterop": false
    }
  },
  "chunks": {
    "chunk-B6Y5KGVL": {
      "file": "chunk-B6Y5KGVL.js"
    },
    "chunk-MCHMOHSD": {
      "file": "chunk-MCHMOHSD.js"
    },
    "chunk-TQBLMNW3": {
      "file": "chunk-TQBLMNW3.js"
    },
    "chunk-W252KD4L": {
      "file": "chunk-W252KD4L.js"
    },
    "chunk-R7WWNCF2": {
      "file": "chunk-R7WWNCF2.js"
    }
  }
}